<?xml version="1.0" encoding="UTF-8" standalone="yes"?>
<addon id="repository.vb" name="Vulcan Repo" version="0.0.1" provider-name="Vulcan">
	<extension point="xbmc.addon.repository" name="Vulcan Repo">
		<dir>
			<info compressed="false">https://offshoregit.com/tvaresolvers/tva-common-repository/raw/master/addons.xml</info>
			<checksum>https://offshoregit.com/tvaresolvers/tva-common-repository/raw/master/addons.xml.md5</checksum>
			<datadir zip="true">https://offshoregit.com/tvaresolvers/tva-common-repository/raw/master/zips/</datadir>
		</dir>
		<dir>
			<info compressed="false">https://raw.githubusercontent.com/noobsandnerds/modules4all/master/zips/addons.xml</info>
			<checksum>https://raw.githubusercontent.com/noobsandnerds/modules4all/master/zips/addons.xml.md5</checksum>
			<datadir zip="true">https://raw.githubusercontent.com/noobsandnerds/modules4all/master/zips/</datadir>
		</dir>
		<info compressed="false">https://raw.githubusercontent.com/vulcanbuildz/repository.vb/master/zips/addons.xml</info>
		<checksum>https://raw.githubusercontent.com/vulcanbuildz/repository.vb/master/zips/addons.xml.md5</checksum>
		<datadir zip="true">https://raw.githubusercontent.com/vulcanbuildz/repository.vb/master/zips/</datadir>
	</extension>
	<extension point="xbmc.addon.metadata">
		<summary lang="en">Vulcan Repo</summary>
		<description lang="en">Vulcan Repo</description>
		<genre>uk,usa</genre>
	</extension>
</addon>